{
	"home_link":"https://www.forestrygames.com/",
	"copy":{
		"QUIT":{
			"ar":{"text":"هل أنت متأكد‏\n‏من رغبتك في الخروج؟", "scale":1, "live":true,  "offset":{"x":0, "y":0}},
			"de":{"text":"Möchtest du \n wirklich aufhören?", "scale":1, "live":false, "offset":{"x":0, "y":0}},
			"en":{"text":"Are you sure you\nwant to quit?",   "scale":1, "live":false, "offset":{"x":0, "y":0}},
			"es":{"text":"¿Seguro que \n quieres salir?",     "scale":1, "live":false, "offset":{"x":0, "y":0}},
			"fr":{"text":"Es-tu sûr \n de vouloir quitter?",  "scale":1, "live":false, "offset":{"x":0, "y":0}},
			"it":{"text":"Vuoi davvero \n uscire dal gioco?", "scale":1, "live":false, "offset":{"x":0, "y":0}},
			"pl":{"text":"Na pewno \n chcesz zakończyć grę?", "scale":1, "live":true,  "offset":{"x":0, "y":0}},
			"ru":{"text":"Выйти из \n игpы?",                 "scale":1, "live":true,  "offset":{"x":0, "y":0}},
			"tr":{"text":"Çıkmak istediğine \n emin misin?",  "scale":1, "live":true,  "offset":{"x":0, "y":0}}
		},
		"SELECT_CHARACTER":{
			"ar":{"text":"تحديد حرف",                    	 "scale":1, "live":true,  "offset":{"x":0, "y":0}},
			"de":{"text":"SELECT A CHARACTER",             	 "scale":1, "live":false, "offset":{"x":0, "y":0}},
			"en":{"text":"SELECT A CHARACTER",    		     "scale":1, "live":false, "offset":{"x":0, "y":0}},
			"es":{"text":"SELECCIONAR UN PERSONAJE",                     "scale":1, "live":false, "offset":{"x":0, "y":0}},
			"fr":{"text":"SÉLECTIONNEZ UN PERSONNAGE",                     "scale":1, "live":false, "offset":{"x":0, "y":0}},
			"it":{"text":"SCEGLI UN PERSONAGGIO", "scale":1, "live":false, "offset":{"x":0, "y":0}},
			"pl":{"text":"WYBIERZ ZNAK",                     "scale":1, "live":true,  "offset":{"x":0, "y":0}},
			"ru":{"text":"СЕЛЕКТ ХАРАКТЕР",                     "scale":1, "live":true,  "offset":{"x":0, "y":0}},
			"tr":{"text":"Bİr KARAKTER SEÇ",                     "scale":1, "live":true,  "offset":{"x":0, "y":0}}
		},
		"PAUSED":{
			"ar":{"text":"توقف",             "scale":1, "live":true,  "offset":{"x":0, "y":0}},
			"de":{"text":"Angehalten",             "scale":1, "live":false, "offset":{"x":0, "y":0}},
			"en":{"text":"PAUSED",        "scale":1, "live":false, "offset":{"x":0, "y":0}},
			"es":{"text":"Pausa",             "scale":1, "live":false, "offset":{"x":0, "y":0}},
			"fr":{"text":"Pause",             "scale":1, "live":false, "offset":{"x":0, "y":0}},
			"it":{"text":"PAUSA",         "scale":1, "live":false, "offset":{"x":0, "y":0}},
			"pl":{"text":"Wstrzymana",             "scale":1, "live":true,  "offset":{"x":0, "y":0}},
			"ru":{"text":"Приостановлена",             "scale":1, "live":true,  "offset":{"x":0, "y":0}},
			"tr":{"text":"Duraklatıldı",             "scale":1, "live":true,  "offset":{"x":0, "y":0}}
		},
		"HOW_TO_PLAY":{
			"ar":{"text":"كيفية اللعب",             "scale":1, "live":true,  "offset":{"x":0, "y":0}},
			"de":{"text":"WIE ZU SPIELEN",             "scale":1, "live":false, "offset":{"x":0, "y":0}},
			"en":{"text":"HOW TO PLAY",   "scale":1, "live":false, "offset":{"x":0, "y":0}},
			"es":{"text":"CÓMO JUGARs",             "scale":1, "live":false, "offset":{"x":0, "y":0}},
			"fr":{"text":"COMMENT JOUER",             "scale":1, "live":false, "offset":{"x":0, "y":0}},
			"it":{"text":"COME GIOCARE",  "scale":1, "live":false, "offset":{"x":0, "y":0}},
			"pl":{"text":"JAK GRAĆ",             "scale":1, "live":true,  "offset":{"x":0, "y":0}},
			"ru":{"text":"КАК ИГРАТЬ",             "scale":1, "live":true,  "offset":{"x":0, "y":0}},
			"tr":{"text":"NASıL OYNANıR?",             "scale":1, "live":true,  "offset":{"x":0, "y":0}}
		},
		"INSTRUCTIONS":{
			"ar":{"text":"التعليمات",     "scale":1, "live":true,  "offset":{"x":0, "y":0}},
			"de":{"text":"ANLEITUNG",     "scale":1, "live":false, "offset":{"x":0, "y":0}},
			"en":{"text":"INSTRUCTIONS",  "scale":1, "live":false, "offset":{"x":0, "y":0}},
			"es":{"text":"INSTRUCCIONES", "scale":1, "live":false, "offset":{"x":0, "y":0}},
			"fr":{"text":"INSTRUCTIONS",  "scale":1, "live":false, "offset":{"x":0, "y":0}},
			"it":{"text":"ISTRUZIONI",    "scale":1, "live":false, "offset":{"x":0, "y":0}},
			"pl":{"text":"WSKAZÓWKI",     "scale":1, "live":true,  "offset":{"x":0, "y":0}},
			"ru":{"text":"ИНСТРУКЦИЯ",    "scale":1, "live":true,  "offset":{"x":0, "y":0}},
			"tr":{"text":"TALİMATLAR",    "scale":1, "live":true,  "offset":{"x":0, "y":0}}
		},
		"INSTRUCTIONS_1_PC":{
			"ar":{"text":" انقر على الشاشة \nTO الهبوط على المنصة التالية  ",            "scale":1, "live":true,  "offset":{"x":0, "y":0}},
			"de":{"text":"KLICKEN SIE AUF DEN BILDSCHIRM\nAUF DER NÄCHSTEN PLATTFORM LANDEN",             "scale":1, "live":false, "offset":{"x":0, "y":0}},
			"en":{"text":"CLICK ON THE SCREEN\nTO LAND ON THE NEXT PLATFORM",  "scale":1, "live":false, "offset":{"x":0, "y":0}},
			"es":{"text":"HAGA CLIC EN LA PANTALLA\nPARA ATERRIZAR EN LA SIGUIENTE PLATAFORMA",             "scale":1, "live":false, "offset":{"x":0, "y":0}},
			"fr":{"text":"CLIQUEZ SUR L’ÉCRAN\nATTERRIR SUR LA PLATE-FORME SUIVANTE",             "scale":1, "live":false, "offset":{"x":0, "y":0}},
			"it":{"text":"FARE CLIC SULLO SCHERMO\nA LAND SULLA NEXT PLATFORM",             "scale":1, "live":false, "offset":{"x":0, "y":0}},
			"pl":{"text":"KLIKNIJ NA EKRANIE\nWYLĄDUJ NA NASTĘPNEJ PLATFORMIE",             "scale":1, "live":true,  "offset":{"x":0, "y":0}},
			"ru":{"text":"НАЖМИТЕ НА ЭКРАН\nПРИЗЕМЛИТЬСЯ НА СЛЕДУЮЩУЮ ПЛАТФОРМУ",             "scale":1, "live":true,  "offset":{"x":0, "y":0}},
			"tr":{"text":"EKRANA TIKLAYIN\nBIR SONRAKI PLATFORMA INMEK IÇIN",             "scale":1, "live":true,  "offset":{"x":0, "y":0}}
		},
		"INSTRUCTIONS_1_MOB":{
			"ar":{"text":" اضغط على الشاشة\nTO الهبوط على المنصة التالية   ",             "scale":1, "live":true,  "offset":{"x":0, "y":0}},
			"de":{"text":"TIPPEN SIE AUF DEN BILDSCHIRM\nAUF DER NÄCHSTEN PLATTFORM LANDEN",             "scale":1, "live":false, "offset":{"x":0, "y":0}},
			"en":{"text":"TAP ON THE SCREEN\nTO LAND ON THE NEXT PLATFORM",  "scale":1, "live":false, "offset":{"x":0, "y":0}},
			"es":{"text":"TOQUE EN LA PANTALLA\nPARA ATERRIZAR EN LA SIGUIENTE PLATAFORMA",             "scale":1, "live":false, "offset":{"x":0, "y":0}},
			"fr":{"text":"APPUYEZ SUR L’ÉCRAN\nATTERRIR SUR LA PLATE-FORME SUIVANTE",             "scale":1, "live":false, "offset":{"x":0, "y":0}},
			"it":{"text":"TOCCARE LO SCHERMO\nA LAND SULLA NEXT PLATFORM",             "scale":1, "live":false, "offset":{"x":0, "y":0}},
			"pl":{"text":"DOTKNIJ EKRANU\nWYLĄDUJ NA NASTĘPNEJ PLATFORMIE",             "scale":1, "live":true,  "offset":{"x":0, "y":0}},
			"ru":{"text":"НАЖМИТЕ НА ЭКРАН\nПРИЗЕМЛИТЬСЯ НА СЛЕДУЮЩУЮ ПЛАТФОРМУ",             "scale":1, "live":true,  "offset":{"x":0, "y":0}},
			"tr":{"text":"EKRANA DOKUNUN\nBIR SONRAKI PLATFORMA INMEK IÇIN",             "scale":1, "live":true,  "offset":{"x":0, "y":0}}
		},
		"INSTRUCTIONS_2":{
			"ar":{"text":" في محاولة للهبوط على المركز \n للحصول على نقاط اضافية  ",             "scale":1, "live":true,  "offset":{"x":0, "y":0}},
			"de":{"text":"VERSUCHEN SIE, AUF DER MITTE ZU LANDEN\nUM ZUSÄTZLICHE PUNKTE ZU ERHALTEN",             "scale":1, "live":false, "offset":{"x":0, "y":0}},
			"en":{"text":"TRY TO LAND ON THE CENTER\nTO GET EXTRA POINTS",  "scale":1, "live":false, "offset":{"x":0, "y":0}},
			"es":{"text":"TRATE DE ATERRIZAR EN EL CENTRO\nPARA OBTENER PUNTOS EXTRA",             "scale":1, "live":false, "offset":{"x":0, "y":0}},
			"fr":{"text":"ESSAYEZ D’ATTERRIR SUR LE CENTRE\nPOUR OBTENIR DES POINTS SUPPLÉMENTAIRES",             "scale":1, "live":false, "offset":{"x":0, "y":0}},
			"it":{"text":"PROVA A LAND SUL CENTRO\nPER OTTENERE PUNTI EXTRA",             "scale":1, "live":false, "offset":{"x":0, "y":0}},
			"pl":{"text":"SPRÓBUJ WYLĄDOWAĆ NA ŚRODKU\nABY UZYSKAĆ DODATKOWE PUNKTY",             "scale":1, "live":true,  "offset":{"x":0, "y":0}},
			"ru":{"text":"ПОПРОБУЙТЕ ПРИЗЕМЛИТЬСЯ В ЦЕНТРЕ\nЧТОБЫ ПОЛУЧИТЬ ДОПОЛНИТЕЛЬНЫЕ ОЧКИ",             "scale":1, "live":true,  "offset":{"x":0, "y":0}},
			"tr":{"text":"MERKEZE INMEYE ÇALıŞıN\nEKSTRA PUAN ALMAK IÇIN",             "scale":1, "live":true,  "offset":{"x":0, "y":0}}
		},
		"INSTRUCTIONS_3":{
			"ar":{"text":" سوف تساعدك الشاحنات الصغيرة  \nي رحلتك  ",             "scale":1, "live":true,  "offset":{"x":0, "y":0}},
			"de":{"text":"DIE PICKUPS WERDEN SIE HELFEN\nAUF IHRER REISE",             "scale":1, "live":false, "offset":{"x":0, "y":0}},
			"en":{"text":"THE PICKUPS WILL HELP YOU\nIN YOUR JOURNEY",  "scale":1, "live":false, "offset":{"x":0, "y":0}},
			"es":{"text":"LOS PICKUPS TE AYUDAN\nEN TU VIAJE",             "scale":1, "live":false, "offset":{"x":0, "y":0}},
			"fr":{"text":"LES MICROS VOUS AIDERONT\nDANS VOTRE VOYAGE",             "scale":1, "live":false, "offset":{"x":0, "y":0}},
			"it":{"text":"I PICKUPS TI AIUTERÀ\nNEL TUO VIAGGIO",             "scale":1, "live":false, "offset":{"x":0, "y":0}},
			"pl":{"text":"PRZETWORNIKI POMOGĄ CI\nW PODRÓŻY",             "scale":1, "live":true,  "offset":{"x":0, "y":0}},
			"ru":{"text":"PICKUPS ПОМОГУТ ВАМ\nВ ВАШЕМ ПУТЕШЕСТВИИ",             "scale":1, "live":true,  "offset":{"x":0, "y":0}},
			"tr":{"text":"PICKUPS SB'YE YARDIMCI OLACAK\nYOLCULUĞUNUZDA",             "scale":1, "live":true,  "offset":{"x":0, "y":0}}
		},
		"INSTRUCTIONS_4":{
			"ar":{"text":"تأخذ الرياح في الاعتبار \nعند القفز!",             "scale":1, "live":true,  "offset":{"x":0, "y":0}},
			"de":{"text":"DEN WIND IN BETRACHT ZIEHEN\nBEIM SPRINGEN!",             "scale":1, "live":false, "offset":{"x":0, "y":0}},
			"en":{"text":"TAKE THE WIND IN CONSIDERATION\nWHEN JUMPING!",  "scale":1, "live":false, "offset":{"x":0, "y":0}},
			"es":{"text":"TOME EL VIENTO EN CONSIDERACIÓN\n¡AL SALTAR!",             "scale":1, "live":false, "offset":{"x":0, "y":0}},
			"fr":{"text":"PRENEZ LE VENT EN CONSIDÉRATION\nQUAND TU SAUTES !",             "scale":1, "live":false, "offset":{"x":0, "y":0}},
			"it":{"text":"PRENDERE IL VENTO IN CONSIDERAZIONE\nQUANDO SALTI!",             "scale":1, "live":false, "offset":{"x":0, "y":0}},
			"pl":{"text":"WEŹ POD UWAGĘ WIATR\nKIEDY SKOKI!",             "scale":1, "live":true,  "offset":{"x":0, "y":0}},
			"ru":{"text":"ПРИМИТЕ ВЕТЕР ВО ВНИМАНИЕ\nПРИ ПРЫЖКАХ!",             "scale":1, "live":true,  "offset":{"x":0, "y":0}},
			"tr":{"text":"RÜZGARı GÖZ ÖNÜNDE BULUNDURUN\nATLARKEN!",             "scale":1, "live":true,  "offset":{"x":0, "y":0}}
		},
		"TRY_AGAIN":{
			"ar":{"text":"حاول مرة أخرى...",             "scale":1, "live":true,  "offset":{"x":0, "y":0}},
			"de":{"text":"Wiederholen...",             "scale":1, "live":false, "offset":{"x":0, "y":0}},
			"en":{"text":"TRY AGAIN...",  "scale":1, "live":false, "offset":{"x":0, "y":0}},
			"es":{"text":"Vuelve a intentarlo...",             "scale":1, "live":false, "offset":{"x":0, "y":0}},
			"fr":{"text":"Riprova...",             "scale":1, "live":false, "offset":{"x":0, "y":0}},
			"it":{"text":"RITENTA...",    "scale":1, "live":false, "offset":{"x":0, "y":0}},
			"pl":{"text":"Spróbuj ponownie...",             "scale":1, "live":true,  "offset":{"x":0, "y":0}},
			"ru":{"text":"Повторить...",             "scale":1, "live":true,  "offset":{"x":0, "y":0}},
			"tr":{"text":"Yeniden Deneyin...",             "scale":1, "live":true,  "offset":{"x":0, "y":0}}
		},
		"WELL_DONE":{
			"ar":{"text":"أحسنت!",             "scale":1, "live":true,  "offset":{"x":0, "y":0}},
			"de":{"text":"Gut gemacht!",             "scale":1, "live":false, "offset":{"x":0, "y":0}},
			"en":{"text":"WELL DONE!",    "scale":1, "live":false, "offset":{"x":0, "y":0}},
			"es":{"text":"¡Bien hecho!",             "scale":1, "live":false, "offset":{"x":0, "y":0}},
			"fr":{"text":"Bien joué!",             "scale":1, "live":false, "offset":{"x":0, "y":0}},
			"it":{"text":"BEN FATTO!",    "scale":1, "live":false, "offset":{"x":0, "y":0}},
			"pl":{"text":"Dobra robota!",             "scale":1, "live":true,  "offset":{"x":0, "y":0}},
			"ru":{"text":"Прекрасно!",             "scale":1, "live":true,  "offset":{"x":0, "y":0}},
			"tr":{"text":"Bravo!",             "scale":1, "live":true,  "offset":{"x":0, "y":0}}
		},
		"SCORE":{
			"ar":{"text":"نقاط  {value}",                 "scale":1, "live":true,  "offset":{"x":0, "y":0}},
			"de":{"text":"Ergebnis",                 "scale":1, "live":false, "offset":{"x":0, "y":0}},
			"en":{"text":"SCORE {value}",     "scale":1, "live":false, "offset":{"x":0, "y":0}},
			"es":{"text":"Puntuación {value}",                 "scale":1, "live":false, "offset":{"x":0, "y":0}},
			"fr":{"text":"Score {value}",                 "scale":1, "live":false, "offset":{"x":0, "y":0}},
			"it":{"text":"PUNTEGGIO {value}", "scale":1, "live":false, "offset":{"x":0, "y":0}},
			"pl":{"text":"Ocena {value}",                 "scale":1, "live":true,  "offset":{"x":0, "y":0}},
			"ru":{"text":"Оценка по {value}",                 "scale":1, "live":true,  "offset":{"x":0, "y":0}},
			"tr":{"text":"Puan {value}",                 "scale":1, "live":true,  "offset":{"x":0, "y":0}}
		},
		"RECORD":{
			"ar":{"text":" افضل   {value}",              "scale":1, "live":true,  "offset":{"x":0, "y":0}},
			"de":{"text":" Beste {value}",              "scale":1, "live":false, "offset":{"x":0, "y":0}},
			"en":{"text":"BEST {value}",   "scale":1, "live":false, "offset":{"x":0, "y":0}},
			"es":{"text":"Mejor {value}",              "scale":1, "live":false, "offset":{"x":0, "y":0}},
			"fr":{"text":"Meilleur {value}",              "scale":1, "live":false, "offset":{"x":0, "y":0}},
			"it":{"text":"RECORD {value}", "scale":1, "live":false, "offset":{"x":0, "y":0}},
			"pl":{"text":"Najlepszych {value}",              "scale":1, "live":true,  "offset":{"x":0, "y":0}},
			"ru":{"text":"Лучшие {value}",              "scale":1, "live":true,  "offset":{"x":0, "y":0}},
			"tr":{"text":"En iyi {value}",              "scale":1, "live":true,  "offset":{"x":0, "y":0}}
		},
		"BEST_SCORE":{
			"ar":{"text":":أفضل مسافة ركض",   "scale":1, "live":true,  "offset":{"x":0, "y":0}},
			"de":{"text":"BESTER LAUF",       "scale":1, "live":false, "offset":{"x":0, "y":0}},
			"en":{"text":"BEST SCORE",        "scale":1, "live":false, "offset":{"x":0, "y":0}},
			"es":{"text":"MEJOR PARTIDA",     "scale":1, "live":false, "offset":{"x":0, "y":0}},
			"fr":{"text":"MEILLEURE COURSE",  "scale":1, "live":false, "offset":{"x":0, "y":0}},
			"it":{"text":"MIGLIOR RISULTATO", "scale":1, "live":false, "offset":{"x":0, "y":0}},
			"pl":{"text":"NAJLEPSZY BIEG",    "scale":1, "live":true,  "offset":{"x":0, "y":0}},
			"ru":{"text":"Лучший забег",      "scale":1, "live":true,  "offset":{"x":0, "y":0}},
			"tr":{"text":"Rekor:",            "scale":1, "live":true,  "offset":{"x":0, "y":0}}
		},
		"SCORE_GREAT":{
			"ar":{"text":"كبيره!",             "scale":1, "live":true,  "offset":{"x":0, "y":0}},
			"de":{"text":"Großartig!",             "scale":1, "live":false, "offset":{"x":0, "y":0}},
			"en":{"text":"GREAT!",        "scale":1, "live":false, "offset":{"x":0, "y":0}},
			"es":{"text":"¡Gran!",             "scale":1, "live":false, "offset":{"x":0, "y":0}},
			"fr":{"text":"génial!",             "scale":1, "live":false, "offset":{"x":0, "y":0}},
			"it":{"text":"GRANDE!",       "scale":1, "live":false, "offset":{"x":0, "y":0}},
			"pl":{"text":"Wielki!",             "scale":1, "live":true,  "offset":{"x":0, "y":0}},
			"ru":{"text":"Прекрасно!",             "scale":1, "live":true,  "offset":{"x":0, "y":0}},
			"tr":{"text":"Büyük!",             "scale":1, "live":true,  "offset":{"x":0, "y":0}}
		},
		"SCORE_PERFECT":{
			"ar":{"text":"ممتاز!",             "scale":1, "live":true,  "offset":{"x":0, "y":0}},
			"de":{"text":"perfekt!",             "scale":1, "live":false, "offset":{"x":0, "y":0}},
			"en":{"text":"PERFECT!",      "scale":1, "live":false, "offset":{"x":0, "y":0}},
			"es":{"text":"¡Perfecto!",             "scale":1, "live":false, "offset":{"x":0, "y":0}},
			"fr":{"text":"Parfait!",             "scale":1, "live":false, "offset":{"x":0, "y":0}},
			"it":{"text":"PERFETTO!",     "scale":1, "live":false, "offset":{"x":0, "y":0}},
			"pl":{"text":"Idealne!",             "scale":1, "live":true,  "offset":{"x":0, "y":0}},
			"ru":{"text":"Идеальный!",             "scale":1, "live":true,  "offset":{"x":0, "y":0}},
			"tr":{"text":"Mükemmel!",             "scale":1, "live":true,  "offset":{"x":0, "y":0}}
		},
		"SCORE_NICE":{
			"ar":{"text":"لطيفه!",             "scale":1, "live":true,  "offset":{"x":0, "y":0}},
			"de":{"text":"nett!",             "scale":1, "live":false, "offset":{"x":0, "y":0}},
			"en":{"text":"NICE!",         "scale":1, "live":false, "offset":{"x":0, "y":0}},
			"es":{"text":"¡Muy bien!",             "scale":1, "live":false, "offset":{"x":0, "y":0}},
			"fr":{"text":"Belle!",             "scale":1, "live":false, "offset":{"x":0, "y":0}},
			"it":{"text":"BENE!",         "scale":1, "live":false, "offset":{"x":0, "y":0}},
			"pl":{"text":"Ładne!",             "scale":1, "live":true,  "offset":{"x":0, "y":0}},
			"ru":{"text":"Хороший!",             "scale":1, "live":true,  "offset":{"x":0, "y":0}},
			"tr":{"text":"Güzel!",             "scale":1, "live":true,  "offset":{"x":0, "y":0}}
		}
	}
}